index,all,easy,medium,hard
gpt-3.5-turbo-0125_0.0,0.1533333333333333,0.34375,0.1300813008130081,0.1132075471698113
